user_name,trail_name
Cameron Swenson,Old Juniper Trail
David Romer,Old Juniper Trail
Jake Vellinga,Old Juniper Trail
Mountain Bike,Old Juniper Trail
Jake McKee,Old Juniper Trail
Craig Coles,Old Juniper Trail
Rick Powelson,Old Juniper Trail
Kami S,Old Juniper Trail
Cody Morgan,Old Juniper Trail
Joshua Christiansen,Old Juniper Trail
Jackie Peterson,Old Juniper Trail
Mike Buhler,Old Juniper Trail
Braden Bentson,Old Juniper Trail
Greg Parsegov,Old Juniper Trail
Bryce Mihalevich,Old Juniper Trail
Colton Packard,Old Juniper Trail
